{"cameraMode":{"drawMode":0,"name":"Shaded","section":"Shading Mode"},"sceneLighting":false,"audioPlay":false,"sceneViewState":{"m_AlwaysRefresh":false,"showFog":true,"showSkybox":false,"showFlares":true,"showImageEffects":true,"showParticleSystems":true,"showVisualEffectGraphs":true,"m_FxEnabled":true},"in2DMode":false,"pivot":{"x":-0.025207271799445154,"y":-0.0018208175897598267,"z":-0.02175047993659973},"rotation":{"x":0.012948586605489254,"y":-0.949690580368042,"z":-0.03961560130119324,"w":-0.3103954792022705},"size":0.164739727973938,"orthographic":false}